{"cameraMode":{"drawMode":31,"name":"Sprite Mask","section":"Miscellaneous"},"sceneLighting":false,"audioPlay":false,"sceneViewState":{"showFog":true,"showMaterialUpdate":false,"showSkybox":false,"showFlares":true,"showImageEffects":true,"showParticleSystems":true},"in2DMode":false,"pivot":{"x":-1.3799999952316285,"y":0.6700000762939453,"z":-6.090000152587891},"rotation":{"x":-0.00831556785851717,"y":0.3752216398715973,"z":0.00344921019859612,"w":0.9269662499427795},"size":4.041658401489258,"orthographic":true}