{"cameraMode":{"drawMode":31,"name":"Sprite Mask","section":"Miscellaneous"},"sceneLighting":false,"audioPlay":false,"sceneViewState":{"showFog":true,"showMaterialUpdate":false,"showSkybox":false,"showFlares":true,"showImageEffects":true,"showParticleSystems":true},"in2DMode":false,"pivot":{"x":1.6799999475479127,"y":3.0,"z":-9.949999809265137},"rotation":{"x":0.000020102279449929483,"y":0.9999546408653259,"z":-0.011999091133475304,"w":0.001511012902483344},"size":4.286825656890869,"orthographic":true}