{"cameraMode":{"drawMode":31,"name":"Sprite Mask","section":"Miscellaneous"},"sceneLighting":false,"audioPlay":false,"sceneViewState":{"showFog":true,"showMaterialUpdate":false,"showSkybox":false,"showFlares":true,"showImageEffects":true,"showParticleSystems":true},"in2DMode":false,"pivot":{"x":4.688000202178955,"y":-0.03500000014901161,"z":-0.2650001049041748},"rotation":{"x":0.027823930606245996,"y":0.9230085015296936,"z":-0.37778887152671816,"w":0.06797308474779129},"size":3.1834354400634767,"orthographic":true}