{"cameraMode":{"drawMode":31,"name":"Sprite Mask","section":"Miscellaneous"},"sceneLighting":false,"audioPlay":false,"sceneViewState":{"showFog":true,"showMaterialUpdate":false,"showSkybox":false,"showFlares":true,"showImageEffects":true,"showParticleSystems":true},"in2DMode":false,"pivot":{"x":-2.41357421875,"y":0.38999998569488528,"z":-3.193359375},"rotation":{"x":0.000020102279449929483,"y":0.9999546408653259,"z":-0.011999091133475304,"w":0.001511012902483344},"size":1.847638487815857,"orthographic":true}