{"cameraMode":{"drawMode":31,"name":"Sprite Mask","section":"Miscellaneous"},"sceneLighting":false,"audioPlay":false,"sceneViewState":{"showFog":true,"showMaterialUpdate":false,"showSkybox":false,"showFlares":true,"showImageEffects":true,"showParticleSystems":true},"in2DMode":false,"pivot":{"x":0.022932955995202066,"y":-1.1734664440155029e-7,"z":0.12857139110565186},"rotation":{"x":0.006141691002994776,"y":0.9766207933425903,"z":-0.21307438611984254,"w":0.02813425287604332},"size":0.7254785299301148,"orthographic":false}