{"cameraMode":{"drawMode":31,"name":"Sprite Mask","section":"Miscellaneous"},"sceneLighting":true,"audioPlay":false,"sceneViewState":{"showFog":true,"showMaterialUpdate":false,"showSkybox":true,"showFlares":true,"showImageEffects":true,"showParticleSystems":true},"in2DMode":false,"pivot":{"x":-17.258007049560548,"y":0.7200000286102295,"z":-5.797714710235596},"rotation":{"x":-0.1651538908481598,"y":-0.38093656301498415,"z":0.06915465742349625,"w":-0.9072180986404419},"size":12.00311279296875,"orthographic":true}