{"cameraMode":{"drawMode":31,"name":"Sprite Mask","section":"Miscellaneous"},"sceneLighting":true,"audioPlay":false,"sceneViewState":{"showFog":true,"showMaterialUpdate":false,"showSkybox":true,"showFlares":true,"showImageEffects":true,"showParticleSystems":true},"in2DMode":false,"pivot":{"x":8.289999961853028,"y":3.0,"z":-4.614999771118164},"rotation":{"x":0.19781868159770966,"y":0.26589590311050417,"z":-0.055807918310165408,"w":0.9419224858283997},"size":4.530654430389404,"orthographic":true}