{"cameraMode":{"drawMode":31,"name":"Sprite Mask","section":"Miscellaneous"},"sceneLighting":false,"audioPlay":false,"sceneViewState":{"showFog":true,"showMaterialUpdate":false,"showSkybox":false,"showFlares":true,"showImageEffects":true,"showParticleSystems":true},"in2DMode":false,"pivot":{"x":0.07888394594192505,"y":0.15576577186584474,"z":-1.108016014099121},"rotation":{"x":0.006141691002994776,"y":0.9766207933425903,"z":-0.21307438611984254,"w":0.02813425287604332},"size":2.3036282062530519,"orthographic":false}