{"cameraMode":{"drawMode":31,"name":"Sprite Mask","section":"Miscellaneous"},"sceneLighting":false,"audioPlay":false,"sceneViewState":{"showFog":true,"showMaterialUpdate":false,"showSkybox":false,"showFlares":true,"showImageEffects":true,"showParticleSystems":true},"in2DMode":false,"pivot":{"x":4.2779998779296879,"y":-0.03500001132488251,"z":-0.8090000152587891},"rotation":{"x":-0.013743998482823372,"y":0.978350043296814,"z":-0.19475874304771424,"w":-0.06907841563224793},"size":1.6527714729309083,"orthographic":true}