{"cameraMode":{"drawMode":31,"name":"Sprite Mask","section":"Miscellaneous"},"sceneLighting":false,"audioPlay":false,"sceneViewState":{"showFog":true,"showMaterialUpdate":false,"showSkybox":false,"showFlares":true,"showImageEffects":true,"showParticleSystems":true},"in2DMode":false,"pivot":{"x":0.0,"y":0.6100000739097595,"z":3.8399999141693117},"rotation":{"x":0.3382895886898041,"y":-0.34248465299606326,"z":0.13374873995780946,"w":0.8662497401237488},"size":8.573652267456055,"orthographic":false}