{"cameraMode":{"drawMode":31,"name":"Sprite Mask","section":"Miscellaneous"},"sceneLighting":false,"audioPlay":false,"sceneViewState":{"showFog":true,"showMaterialUpdate":false,"showSkybox":false,"showFlares":true,"showImageEffects":true,"showParticleSystems":true},"in2DMode":false,"pivot":{"x":-6.71999979019165,"y":0.6700000762939453,"z":1.8300000429153443},"rotation":{"x":0.1269512176513672,"y":0.6884030699729919,"z":-0.12414845079183579,"w":0.7033680081367493},"size":8.92585563659668,"orthographic":true}