{"cameraMode":{"drawMode":0,"name":"Shaded","section":"Shading Mode"},"sceneLighting":false,"audioPlay":false,"sceneViewState":{"showFog":true,"showMaterialUpdate":false,"showSkybox":false,"showFlares":true,"showImageEffects":true,"showParticleSystems":true},"in2DMode":false,"pivot":{"x":0.2220447063446045,"y":0.35102272033691409,"z":-6.071495056152344},"rotation":{"x":0.03338687866926193,"y":0.9649894833564758,"z":-0.21022434532642365,"w":0.15325522422790528},"size":11.522628784179688,"orthographic":false}