{"cameraMode":{"drawMode":0,"name":"Shaded","section":"Shading Mode"},"sceneLighting":false,"audioPlay":false,"sceneViewState":{"showFog":true,"showMaterialUpdate":false,"showSkybox":false,"showFlares":true,"showImageEffects":true,"showParticleSystems":true},"in2DMode":false,"pivot":{"x":-6.635762691497803,"y":0.7604807615280151,"z":1.499394178390503},"rotation":{"x":0.11529930680990219,"y":0.7492779493331909,"z":-0.1354244500398636,"w":0.6379276514053345},"size":5.540556907653809,"orthographic":false}