{"cameraMode":{"drawMode":0,"name":"Shaded","section":"Shading Mode"},"sceneLighting":false,"audioPlay":false,"sceneViewState":{"showFog":true,"showMaterialUpdate":false,"showSkybox":false,"showFlares":true,"showImageEffects":true,"showParticleSystems":true},"in2DMode":false,"pivot":{"x":-2.41357421875,"y":0.3899996280670166,"z":-2.809359550476074},"rotation":{"x":0.06543900817632675,"y":-0.6236317157745361,"z":0.05250842869281769,"w":0.7772064805030823},"size":3.3948538303375246,"orthographic":false}