{"cameraMode":{"drawMode":0,"name":"Shaded","section":"Shading Mode"},"sceneLighting":false,"audioPlay":false,"sceneViewState":{"showFog":true,"showMaterialUpdate":false,"showSkybox":false,"showFlares":true,"showImageEffects":true,"showParticleSystems":true},"in2DMode":false,"pivot":{"x":0.2078654170036316,"y":0.24017885327339173,"z":-0.9811210632324219},"rotation":{"x":0.0008688271627761424,"y":0.9988465905189514,"z":-0.04378705099225044,"w":0.019780518487095834},"size":3.2914962768554689,"orthographic":false}