{"cameraMode":{"drawMode":0,"name":"Shaded","section":"Shading Mode"},"sceneLighting":false,"audioPlay":false,"sceneViewState":{"showFog":true,"showMaterialUpdate":false,"showSkybox":false,"showFlares":true,"showImageEffects":true,"showParticleSystems":true},"in2DMode":false,"pivot":{"x":0.000004231929779052734,"y":0.6183441877365112,"z":-0.12484709918498993},"rotation":{"x":-0.01562510058283806,"y":0.9744577407836914,"z":-0.21228861808776856,"w":-0.0717526450753212},"size":2.90362811088562,"orthographic":false}