{"cameraMode":{"drawMode":31,"name":"Sprite Mask","section":"Miscellaneous"},"sceneLighting":false,"audioPlay":false,"sceneViewState":{"showFog":true,"showMaterialUpdate":false,"showSkybox":false,"showFlares":true,"showImageEffects":true,"showParticleSystems":true},"in2DMode":false,"pivot":{"x":-0.38473987579345705,"y":-1.0450420379638672,"z":-2.8659112453460695},"rotation":{"x":0.3243372440338135,"y":0.0014152080984786153,"z":-0.0004841783083975315,"w":0.9459469318389893},"size":7.6703996658325199,"orthographic":false}